Instance,Runtime,K,Optimal_Value
1,0.21577954292297363,1053,0.9989011073457222
