Instance,Runtime,K,Optimal_Value
1,5.068771123886108,1083,0.9989330322925248
